-- Data insertion

-- roles
INSERT INTO public.roles ("id", "label", "created_at", "updated_at") VALUES ('5214402d-ef6a-4afb-b786-0f8942e82a47', 'admin', '2026-06-29T14:40:03.857Z', '2026-06-29T14:40:03.857Z');
INSERT INTO public.roles ("id", "label", "created_at", "updated_at") VALUES ('bdd25b4e-25a6-446c-b236-003f365772bf', 'employe', '2026-06-29T14:40:03.859Z', '2026-06-29T14:40:03.859Z');
INSERT INTO public.roles ("id", "label", "created_at", "updated_at") VALUES ('e837f473-e1d0-4803-b14c-c395ffdc95b7', 'user', '2026-06-29T14:40:03.860Z', '2026-06-29T14:40:03.860Z');

-- diets
INSERT INTO public.diets ("id", "label", "created_at", "updated_at") VALUES ('2d2c6620-117f-4605-99f3-bb54b6e5eb23', 'Végétarien', '2026-06-29T14:40:03.864Z', '2026-06-29T14:40:03.864Z');
INSERT INTO public.diets ("id", "label", "created_at", "updated_at") VALUES ('793a2d7c-cc7c-4133-8b32-6a3e6493aef1', 'Vegan', '2026-06-29T14:40:03.864Z', '2026-06-29T14:40:03.864Z');
INSERT INTO public.diets ("id", "label", "created_at", "updated_at") VALUES ('8c368122-359b-497d-8e60-69fb74ec6b1a', 'Classique', '2026-06-29T14:40:03.865Z', '2026-06-29T14:40:03.865Z');

-- themes
INSERT INTO public.themes ("id", "label", "created_at", "updated_at") VALUES ('2e7db579-7fcd-4467-84ab-1ac36c1d947d', 'Noël', '2026-06-29T14:40:03.868Z', '2026-06-29T14:40:03.868Z');
INSERT INTO public.themes ("id", "label", "created_at", "updated_at") VALUES ('205beda4-6f93-4d36-a966-8cc2d0f41094', 'Pâques', '2026-06-29T14:40:03.869Z', '2026-06-29T14:40:03.869Z');
INSERT INTO public.themes ("id", "label", "created_at", "updated_at") VALUES ('82685b29-ef63-4f1f-a585-d3afff4c5b5d', 'Classique', '2026-06-29T14:40:03.869Z', '2026-06-29T14:40:03.869Z');
INSERT INTO public.themes ("id", "label", "created_at", "updated_at") VALUES ('1a6d9dad-0d16-4c36-bc27-23049f774708', 'Évènement', '2026-06-29T14:40:03.871Z', '2026-06-29T14:40:03.871Z');

-- allergens
INSERT INTO public.allergens ("id", "label", "created_at", "updated_at") VALUES ('0921d7c6-d87d-4502-9b5d-2b2528897bf4', 'Gluten', '2026-06-29T14:40:03.873Z', '2026-06-29T14:40:03.873Z');
INSERT INTO public.allergens ("id", "label", "created_at", "updated_at") VALUES ('8802822e-1752-43b8-bd68-cfa2a14cea5e', 'Crustacés', '2026-06-29T14:40:03.874Z', '2026-06-29T14:40:03.874Z');
INSERT INTO public.allergens ("id", "label", "created_at", "updated_at") VALUES ('d946899b-d72f-4cfd-a289-8d1401d81b81', 'Œufs', '2026-06-29T14:40:03.875Z', '2026-06-29T14:40:03.875Z');
INSERT INTO public.allergens ("id", "label", "created_at", "updated_at") VALUES ('5d2741d3-5386-4cc6-ad01-d1690cebd2d2', 'Poisson', '2026-06-29T14:40:03.876Z', '2026-06-29T14:40:03.876Z');
INSERT INTO public.allergens ("id", "label", "created_at", "updated_at") VALUES ('a0e44e41-5ed5-47b5-b670-f287dce1cd3c', 'Arachides', '2026-06-29T14:40:03.877Z', '2026-06-29T14:40:03.877Z');
INSERT INTO public.allergens ("id", "label", "created_at", "updated_at") VALUES ('fa87ca12-d5c4-4ea2-bb34-356e26fbee9f', 'Soja', '2026-06-29T14:40:03.877Z', '2026-06-29T14:40:03.877Z');
INSERT INTO public.allergens ("id", "label", "created_at", "updated_at") VALUES ('192938f6-778d-490f-bd05-32823d1dcb3a', 'Lait', '2026-06-29T14:40:03.878Z', '2026-06-29T14:40:03.878Z');
INSERT INTO public.allergens ("id", "label", "created_at", "updated_at") VALUES ('0d981036-14f9-44e5-9a6e-27db646f6d2b', 'Fruits à coque', '2026-06-29T14:40:03.878Z', '2026-06-29T14:40:03.878Z');
INSERT INTO public.allergens ("id", "label", "created_at", "updated_at") VALUES ('2b000c2b-0039-4c63-9297-249f8fe85d4c', 'Céleri', '2026-06-29T14:40:03.879Z', '2026-06-29T14:40:03.879Z');
INSERT INTO public.allergens ("id", "label", "created_at", "updated_at") VALUES ('121a98a7-67d3-4955-9d1b-0f656082db39', 'Moutarde', '2026-06-29T14:40:03.879Z', '2026-06-29T14:40:03.879Z');
INSERT INTO public.allergens ("id", "label", "created_at", "updated_at") VALUES ('e2ac6255-19ec-4334-bd52-63060dd1a5af', 'Graines de sésame', '2026-06-29T14:40:03.880Z', '2026-06-29T14:40:03.880Z');
INSERT INTO public.allergens ("id", "label", "created_at", "updated_at") VALUES ('24671fb9-5acf-430d-9866-fbbd9a011c29', 'Lupin', '2026-06-29T14:40:03.880Z', '2026-06-29T14:40:03.880Z');
INSERT INTO public.allergens ("id", "label", "created_at", "updated_at") VALUES ('957f5882-d614-4b03-bd02-f405370f8478', 'Mollusques', '2026-06-29T14:40:03.881Z', '2026-06-29T14:40:03.881Z');
INSERT INTO public.allergens ("id", "label", "created_at", "updated_at") VALUES ('c935ffc1-440e-4bc0-aee5-e01aa5aec787', 'Anhydride sulfureux et sulfites', '2026-06-29T14:40:03.882Z', '2026-06-29T14:40:03.882Z');

-- dishes
INSERT INTO public.dishes ("id", "title", "type", "description", "photo_path", "created_at", "updated_at") VALUES ('13b07854-11e1-48c7-a213-9e04ed0951e9', 'Velouté de butternut et noisettes', 'entrée', 'Velouté onctueux de butternut rôti, huile de noisette et croutons maison', 'https://images.unsplash.com/photo-1547592180-85f173990554?w=400&q=80', '2026-06-29T14:40:03.884Z', '2026-06-29T14:40:03.884Z');
INSERT INTO public.dishes ("id", "title", "type", "description", "photo_path", "created_at", "updated_at") VALUES ('dd9072f3-f3c6-4388-9096-112ad2bb6ae7', 'Terrine de foie gras maison', 'entrée', 'Terrine de foie gras de canard, chutney de figues et pain brioché toasté', 'https://images.unsplash.com/photo-1504674900247-0877df9cc836?w=400&q=80', '2026-06-29T14:40:03.885Z', '2026-06-29T14:40:03.885Z');
INSERT INTO public.dishes ("id", "title", "type", "description", "photo_path", "created_at", "updated_at") VALUES ('395c89b9-bbb3-4f03-851c-e4946575ec78', 'Carpaccio de betterave au chèvre', 'entrée', 'Fines tranches de betterave crue, chèvre frais, graines de courge et vinaigrette balsamique', 'https://images.unsplash.com/photo-1512621776951-a57141f2eefd?w=400&q=80', '2026-06-29T14:40:03.885Z', '2026-06-29T14:40:03.885Z');
INSERT INTO public.dishes ("id", "title", "type", "description", "photo_path", "created_at", "updated_at") VALUES ('8a9af44e-4c26-4616-b59d-7a06e0cb0a26', 'Verrines avocat-crevettes', 'entrée', 'Guacamole maison, crevettes marinées aux agrumes et espuma de citron vert', 'https://images.unsplash.com/photo-1565299585323-38d6b0865b47?w=400&q=80', '2026-06-29T14:40:03.886Z', '2026-06-29T14:40:03.886Z');
INSERT INTO public.dishes ("id", "title", "type", "description", "photo_path", "created_at", "updated_at") VALUES ('0a26f1a3-cdf5-4f12-bd56-54f06c63c99a', 'Tartare de saumon', 'entrée', 'Saumon Label Rouge coupé au couteau, câpres, échalotes et crème d''aneth', 'https://images.unsplash.com/photo-1467003909585-2f8a72700288?w=400&q=80', '2026-06-29T14:40:03.887Z', '2026-06-29T14:40:03.887Z');
INSERT INTO public.dishes ("id", "title", "type", "description", "photo_path", "created_at", "updated_at") VALUES ('2f109f93-44eb-4f94-9024-e68327411847', 'Asperges blanches sauce hollandaise', 'entrée', 'Asperges blanches d''Aquitaine, sauce hollandaise maison et œuf mollet', 'https://images.unsplash.com/photo-1490645935967-10de6ba17061?w=400&q=80', '2026-06-29T14:40:03.887Z', '2026-06-29T14:40:03.887Z');
INSERT INTO public.dishes ("id", "title", "type", "description", "photo_path", "created_at", "updated_at") VALUES ('5fb4c9f6-9893-46bb-9344-7e7a889bc2f4', 'Filet de bœuf bordelais', 'plat', 'Filet de bœuf cuit à basse température, sauce bordelaise au vin rouge et pommes sarladaises', 'https://images.unsplash.com/photo-1558030006-450675393462?w=400&q=80', '2026-06-29T14:40:03.888Z', '2026-06-29T14:40:03.888Z');
INSERT INTO public.dishes ("id", "title", "type", "description", "photo_path", "created_at", "updated_at") VALUES ('7b11224a-a25f-43b0-bf52-283f008bd712', 'Risotto truffe noire et champignons', 'plat', 'Risotto crémeux aux champignons des bois et copeaux de truffe noire du Périgord', 'https://images.unsplash.com/photo-1476224203421-9ac39bcb3327?w=400&q=80', '2026-06-29T14:40:03.888Z', '2026-06-29T14:40:03.888Z');
INSERT INTO public.dishes ("id", "title", "type", "description", "photo_path", "created_at", "updated_at") VALUES ('73bc627c-92c2-46fe-98dd-c9c481b9ea06', 'Suprême de volaille fermière', 'plat', 'Suprême de volaille farci aux herbes fraîches, jus de rôti et légumes de saison', 'https://images.unsplash.com/photo-1432139509613-5c4255815697?w=400&q=80', '2026-06-29T14:40:03.889Z', '2026-06-29T14:40:03.889Z');
INSERT INTO public.dishes ("id", "title", "type", "description", "photo_path", "created_at", "updated_at") VALUES ('e09161a7-8e76-488e-a36f-a79e592aaeb9', 'Gigot d''agneau rôti aux herbes', 'plat', 'Gigot d''agneau de lait confit aux herbes de Provence, gratin dauphinois', 'https://images.unsplash.com/photo-1529042410759-befb1204b468?w=400&q=80', '2026-06-29T14:40:03.889Z', '2026-06-29T14:40:03.889Z');
INSERT INTO public.dishes ("id", "title", "type", "description", "photo_path", "created_at", "updated_at") VALUES ('2eccf812-f803-4288-9845-22fc50c5b562', 'Dos de cabillaud et légumes printaniers', 'plat', 'Dos de cabillaud vapeur, petits pois à la française et beurre blanc au citron', 'https://images.unsplash.com/photo-1484723091739-30a097e8f929?w=400&q=80', '2026-06-29T14:40:03.890Z', '2026-06-29T14:40:03.890Z');
INSERT INTO public.dishes ("id", "title", "type", "description", "photo_path", "created_at", "updated_at") VALUES ('c468f2b0-3adf-4972-8793-a3a04ac302c5', 'Magret de canard aux cerises', 'plat', 'Magret de canard du Sud-Ouest, sauce aux cerises Bigarreau et gratin de polenta', 'https://images.unsplash.com/photo-1414235077428-338989a2e8c0?w=400&q=80', '2026-06-29T14:40:03.890Z', '2026-06-29T14:40:03.890Z');
INSERT INTO public.dishes ("id", "title", "type", "description", "photo_path", "created_at", "updated_at") VALUES ('4b747342-bcce-4614-b9c2-741ffa184f2d', 'Bûche chocolat praliné', 'dessert', 'Bûche roulée chocolat noir et praliné noisette, décor meringue et éclats de caramel', 'https://images.unsplash.com/photo-1578985545062-69928b1d9587?w=400&q=80', '2026-06-29T14:40:03.891Z', '2026-06-29T14:40:03.891Z');
INSERT INTO public.dishes ("id", "title", "type", "description", "photo_path", "created_at", "updated_at") VALUES ('1297405a-0273-4756-9670-5fb09b289ea7', 'Tarte tatin aux pommes', 'dessert', 'Tarte tatin aux pommes golden caramélisées, crème fraîche épaisse et fleur de sel', 'https://images.unsplash.com/photo-1488477181946-6428a0291777?w=400&q=80', '2026-06-29T14:40:03.891Z', '2026-06-29T14:40:03.891Z');
INSERT INTO public.dishes ("id", "title", "type", "description", "photo_path", "created_at", "updated_at") VALUES ('a9fe1e8e-e28f-44a8-a68b-7adca53c3e6f', 'Panna cotta vanille et fruits rouges', 'dessert', 'Panna cotta à la vanille de Madagascar, coulis de fruits rouges et biscuit sablé', 'https://images.unsplash.com/photo-1551024506-0bccd828d307?w=400&q=80', '2026-06-29T14:40:03.892Z', '2026-06-29T14:40:03.892Z');
INSERT INTO public.dishes ("id", "title", "type", "description", "photo_path", "created_at", "updated_at") VALUES ('07e074d3-6438-4cf6-a8cd-8f2a7f4c328c', 'Fondant au chocolat', 'dessert', 'Fondant coulant au chocolat Valrhona, glace vanille et caramel beurre salé', 'https://images.unsplash.com/photo-1530062845289-9109b2c9c868?w=400&q=80', '2026-06-29T14:40:03.892Z', '2026-06-29T14:40:03.892Z');
INSERT INTO public.dishes ("id", "title", "type", "description", "photo_path", "created_at", "updated_at") VALUES ('9f8c6506-7575-4fc3-9c2a-8e046dce8fab', 'Millefeuille à la vanille', 'dessert', 'Feuilletage caramélisé maison, crème diplomate à la vanille Bourbon', 'https://images.unsplash.com/photo-1555244162-803834f70033?w=400&q=80', '2026-06-29T14:40:03.893Z', '2026-06-29T14:40:03.893Z');
INSERT INTO public.dishes ("id", "title", "type", "description", "photo_path", "created_at", "updated_at") VALUES ('3a0206ee-bb19-49b8-ad53-ee57253d8341', 'Mousse au citron meringuée', 'dessert', 'Mousse légère au citron de Menton, meringue italienne et zestes confits', 'https://images.unsplash.com/photo-1482049016688-2d3e1b311543?w=400&q=80', '2026-06-29T14:40:03.893Z', '2026-06-29T14:40:03.893Z');

-- menus
INSERT INTO public.menus ("id", "title", "description", "min_people", "price_per_people", "conditions", "stock", "diet_id", "theme_id", "created_at", "updated_at") VALUES ('77b436db-12ff-4f2a-b4b5-89cbe072cff7', 'Menu Noël Végétarien', 'Velouté de potimarron au lait de coco, galette de légumes racines en croûte d''herbes et fondant chocolat aux épices de Noël.', 8, '55.00', NULL, 8, '2d2c6620-117f-4605-99f3-bb54b6e5eb23', '2e7db579-7fcd-4467-84ab-1ac36c1d947d', '2026-06-29T14:40:03.913Z', '2026-06-29T14:40:03.913Z');
INSERT INTO public.menus ("id", "title", "description", "min_people", "price_per_people", "conditions", "stock", "diet_id", "theme_id", "created_at", "updated_at") VALUES ('47896497-93de-47c5-9095-2724148fbc9e', 'Menu Agneau de Pâques', 'Gigot d''agneau rôti aux herbes de Provence, gratin dauphinois et tarte amandine aux fruits printaniers. La tradition revisitée.', 10, '65.00', NULL, 6, '8c368122-359b-497d-8e60-69fb74ec6b1a', '205beda4-6f93-4d36-a966-8cc2d0f41094', '2026-06-29T14:40:03.923Z', '2026-06-29T14:40:03.923Z');
INSERT INTO public.menus ("id", "title", "description", "min_people", "price_per_people", "conditions", "stock", "diet_id", "theme_id", "created_at", "updated_at") VALUES ('6a113846-54c7-4b56-abda-41c8d983ba02', 'Menu Pâques Fleuri', 'Tartines aux asperges blanches et vertes, houmous aux petits pois et brioches artisanales. Un buffet printanier tout en légèreté.', 6, '38.00', NULL, 10, '793a2d7c-cc7c-4133-8b32-6a3e6493aef1', '205beda4-6f93-4d36-a966-8cc2d0f41094', '2026-06-29T14:40:03.935Z', '2026-06-29T14:40:03.935Z');
INSERT INTO public.menus ("id", "title", "description", "min_people", "price_per_people", "conditions", "stock", "diet_id", "theme_id", "created_at", "updated_at") VALUES ('b0ac432e-7934-473a-80f1-4b44fbe8eb59', 'Menu Cocktail Élégant', 'Une sélection de canapés raffinés, verrines et pièces cocktail pour un apéritif dînatoire réussi. Idéal pour 20 personnes et plus.', 20, '48.00', NULL, 15, '8c368122-359b-497d-8e60-69fb74ec6b1a', '82685b29-ef63-4f1f-a585-d3afff4c5b5d', '2026-06-29T14:40:03.945Z', '2026-06-29T14:40:03.945Z');
INSERT INTO public.menus ("id", "title", "description", "min_people", "price_per_people", "conditions", "stock", "diet_id", "theme_id", "created_at", "updated_at") VALUES ('efac0419-364f-4af5-bdee-622c83e58761', 'Menu Gastronomique', 'Un dîner 5 services avec suggestions vins : mise en bouche, entrée, poisson, viande et dessert du chef. L''excellence bordelaise à table.', 8, '95.00', NULL, 4, '8c368122-359b-497d-8e60-69fb74ec6b1a', '82685b29-ef63-4f1f-a585-d3afff4c5b5d', '2026-06-29T14:40:03.956Z', '2026-06-29T14:40:03.956Z');
INSERT INTO public.menus ("id", "title", "description", "min_people", "price_per_people", "conditions", "stock", "diet_id", "theme_id", "created_at", "updated_at") VALUES ('50068ac3-cecc-4d20-a873-857b11fe0be2', 'Menu Champêtre Végétarien', 'Tarte aux légumes du marché, salade de lentilles du Puy et plateau de fromages AOP d''Aquitaine. Simple, local et généreux.', 6, '42.00', NULL, 10, '2d2c6620-117f-4605-99f3-bb54b6e5eb23', '82685b29-ef63-4f1f-a585-d3afff4c5b5d', '2026-06-29T14:40:03.966Z', '2026-06-29T14:40:03.966Z');
INSERT INTO public.menus ("id", "title", "description", "min_people", "price_per_people", "conditions", "stock", "diet_id", "theme_id", "created_at", "updated_at") VALUES ('9d95a9b7-1b08-4015-9c3f-18110be2db31', 'Menu Vegan Gourmet', 'Bouchées végétales aux saveurs du monde, houmous aux herbes fraîches et dessert coco-mangue. Savoureux et éthique.', 8, '40.00', NULL, 12, '793a2d7c-cc7c-4133-8b32-6a3e6493aef1', '82685b29-ef63-4f1f-a585-d3afff4c5b5d', '2026-06-29T14:40:03.976Z', '2026-06-29T14:40:03.976Z');
INSERT INTO public.menus ("id", "title", "description", "min_people", "price_per_people", "conditions", "stock", "diet_id", "theme_id", "created_at", "updated_at") VALUES ('9ec7e9ca-6dec-4562-8776-2ed32d8851bf', 'Menu Mariage Prestige', 'Dîner assis 4 services dressé à l''assiette : amuse-bouche, homard en entrée, magret de canard et pièce montée personnalisée.', 50, '110.00', NULL, 3, '8c368122-359b-497d-8e60-69fb74ec6b1a', '1a6d9dad-0d16-4c36-bc27-23049f774708', '2026-06-29T14:40:03.987Z', '2026-06-29T14:40:03.987Z');
INSERT INTO public.menus ("id", "title", "description", "min_people", "price_per_people", "conditions", "stock", "diet_id", "theme_id", "created_at", "updated_at") VALUES ('d987ca30-3ae9-4a89-be17-15526d717736', 'Menu Séminaire Business', 'Buffet déjeuner complet pour vos équipes : salades composées, plat chaud, fromage et dessert. Formule adaptée aux réunions professionnelles.', 15, '32.00', NULL, 20, '8c368122-359b-497d-8e60-69fb74ec6b1a', '1a6d9dad-0d16-4c36-bc27-23049f774708', '2026-06-29T14:40:03.996Z', '2026-06-29T14:40:03.996Z');
INSERT INTO public.menus ("id", "title", "description", "min_people", "price_per_people", "conditions", "stock", "diet_id", "theme_id", "created_at", "updated_at") VALUES ('11813d9b-94e6-48af-b5df-6472a376196e', 'Menu Baby Shower', 'Buffet sucré-salé coloré et léger : sandwichs mignons, verrines fraîches, macarons et cake pops. Pour célébrer le futur heureux événement.', 10, '35.00', NULL, 12, '2d2c6620-117f-4605-99f3-bb54b6e5eb23', '1a6d9dad-0d16-4c36-bc27-23049f774708', '2026-06-29T14:40:04.007Z', '2026-06-29T14:40:04.007Z');
INSERT INTO public.menus ("id", "title", "description", "min_people", "price_per_people", "conditions", "stock", "diet_id", "theme_id", "created_at", "updated_at") VALUES ('04807087-7ad0-4961-b0e2-4e3a34cff500', 'Menu Cocktail Vegan', 'Finger foods 100 % végétaux : bouchées au pesto d''herbes, rouleaux de printemps et verrines betterave-avocat. Élégant et accessible à tous.', 20, '45.00', NULL, 8, '793a2d7c-cc7c-4133-8b32-6a3e6493aef1', '1a6d9dad-0d16-4c36-bc27-23049f774708', '2026-06-29T14:40:04.018Z', '2026-06-29T14:40:04.018Z');
INSERT INTO public.menus ("id", "title", "description", "min_people", "price_per_people", "conditions", "stock", "diet_id", "theme_id", "created_at", "updated_at") VALUES ('2ae9e7f4-e135-4aa7-bc80-63557a4bb292', 'Menu Réveillon Prestige', 'Une table d''exception pour le réveillon : foie gras poêlé, chapon rôti aux truffes et bûche maison. Un moment d''élégance pour célébrer en grand.', 12, '89.00', NULL, 4, '8c368122-359b-497d-8e60-69fb74ec6b1a', '2e7db579-7fcd-4467-84ab-1ac36c1d947d', '2026-06-29T14:40:03.902Z', '2026-06-29T14:46:46.048Z');

-- pictures
INSERT INTO public.pictures ("id", "menu_id", "image_path", "created_at", "updated_at") VALUES ('2c1899e6-e0c0-4ca3-9512-5ec8b59f5b63', '2ae9e7f4-e135-4aa7-bc80-63557a4bb292', 'pictures/menu-reveillon-prestige-1.jpg', '2026-06-29T14:40:03.905Z', '2026-06-29T14:40:03.905Z');
INSERT INTO public.pictures ("id", "menu_id", "image_path", "created_at", "updated_at") VALUES ('07bcfe77-9638-4fc6-a272-d95752689b5b', '2ae9e7f4-e135-4aa7-bc80-63557a4bb292', 'pictures/menu-reveillon-prestige-2.jpg', '2026-06-29T14:40:03.907Z', '2026-06-29T14:40:03.907Z');
INSERT INTO public.pictures ("id", "menu_id", "image_path", "created_at", "updated_at") VALUES ('bfce39b4-8cc7-42fa-89d9-15b90e4d5bbf', '2ae9e7f4-e135-4aa7-bc80-63557a4bb292', 'pictures/menu-reveillon-prestige-3.jpg', '2026-06-29T14:40:03.909Z', '2026-06-29T14:40:03.909Z');
INSERT INTO public.pictures ("id", "menu_id", "image_path", "created_at", "updated_at") VALUES ('9bd7b5ff-03d7-4ac0-8a3c-5524dd605877', '2ae9e7f4-e135-4aa7-bc80-63557a4bb292', 'pictures/menu-reveillon-prestige-4.jpg', '2026-06-29T14:40:03.910Z', '2026-06-29T14:40:03.910Z');
INSERT INTO public.pictures ("id", "menu_id", "image_path", "created_at", "updated_at") VALUES ('4d774121-998f-4092-acdf-506d013f44fd', '2ae9e7f4-e135-4aa7-bc80-63557a4bb292', 'pictures/menu-reveillon-prestige-5.jpg', '2026-06-29T14:40:03.912Z', '2026-06-29T14:40:03.912Z');
INSERT INTO public.pictures ("id", "menu_id", "image_path", "created_at", "updated_at") VALUES ('b5112ab5-f639-48b7-83cd-26b2a234a5f5', '77b436db-12ff-4f2a-b4b5-89cbe072cff7', 'pictures/menu-noel-vegetarien-1.jpg', '2026-06-29T14:40:03.915Z', '2026-06-29T14:40:03.915Z');
INSERT INTO public.pictures ("id", "menu_id", "image_path", "created_at", "updated_at") VALUES ('6225204e-3ee6-45ae-ac5c-ffa6a9d14eb9', '77b436db-12ff-4f2a-b4b5-89cbe072cff7', 'pictures/menu-noel-vegetarien-2.jpg', '2026-06-29T14:40:03.917Z', '2026-06-29T14:40:03.917Z');
INSERT INTO public.pictures ("id", "menu_id", "image_path", "created_at", "updated_at") VALUES ('2e34c4a4-6d73-4101-8283-0b3f638bf489', '77b436db-12ff-4f2a-b4b5-89cbe072cff7', 'pictures/menu-noel-vegetarien-3.jpg', '2026-06-29T14:40:03.918Z', '2026-06-29T14:40:03.918Z');
INSERT INTO public.pictures ("id", "menu_id", "image_path", "created_at", "updated_at") VALUES ('30b32415-7a59-40b3-b5d3-f65d7800b1d9', '77b436db-12ff-4f2a-b4b5-89cbe072cff7', 'pictures/menu-noel-vegetarien-4.jpg', '2026-06-29T14:40:03.920Z', '2026-06-29T14:40:03.920Z');
INSERT INTO public.pictures ("id", "menu_id", "image_path", "created_at", "updated_at") VALUES ('e0bfbfee-2f9d-41a2-8a85-4bbbee4a0187', '77b436db-12ff-4f2a-b4b5-89cbe072cff7', 'pictures/menu-noel-vegetarien-5.jpg', '2026-06-29T14:40:03.921Z', '2026-06-29T14:40:03.921Z');
INSERT INTO public.pictures ("id", "menu_id", "image_path", "created_at", "updated_at") VALUES ('143fab35-d70f-418b-a8a5-bf6c01cac872', '47896497-93de-47c5-9095-2724148fbc9e', 'pictures/menu-agneau-paques-1.jpg', '2026-06-29T14:40:03.926Z', '2026-06-29T14:40:03.926Z');
INSERT INTO public.pictures ("id", "menu_id", "image_path", "created_at", "updated_at") VALUES ('eab13c8c-a25f-4901-bf45-bc68b9deff2a', '47896497-93de-47c5-9095-2724148fbc9e', 'pictures/menu-agneau-paques-2.jpg', '2026-06-29T14:40:03.928Z', '2026-06-29T14:40:03.928Z');
INSERT INTO public.pictures ("id", "menu_id", "image_path", "created_at", "updated_at") VALUES ('550467d5-5010-4b58-a3d8-91fd8f2fedec', '47896497-93de-47c5-9095-2724148fbc9e', 'pictures/menu-agneau-paques-3.jpg', '2026-06-29T14:40:03.929Z', '2026-06-29T14:40:03.929Z');
INSERT INTO public.pictures ("id", "menu_id", "image_path", "created_at", "updated_at") VALUES ('b184de9a-fc48-40a2-bd6c-a5c14fc0f1ee', '47896497-93de-47c5-9095-2724148fbc9e', 'pictures/menu-agneau-paques-4.jpg', '2026-06-29T14:40:03.931Z', '2026-06-29T14:40:03.931Z');
INSERT INTO public.pictures ("id", "menu_id", "image_path", "created_at", "updated_at") VALUES ('509db4ff-b931-44da-8f4c-a7dfedf4f7b0', '47896497-93de-47c5-9095-2724148fbc9e', 'pictures/menu-agneau-paques-5.jpg', '2026-06-29T14:40:03.933Z', '2026-06-29T14:40:03.933Z');
INSERT INTO public.pictures ("id", "menu_id", "image_path", "created_at", "updated_at") VALUES ('f780ae71-b19f-4157-9470-43a8401fc2b7', '6a113846-54c7-4b56-abda-41c8d983ba02', 'pictures/menu-paques-fleuri-1.jpg', '2026-06-29T14:40:03.937Z', '2026-06-29T14:40:03.937Z');
INSERT INTO public.pictures ("id", "menu_id", "image_path", "created_at", "updated_at") VALUES ('44613908-2215-4dde-9bb2-b61db89cc4ec', '6a113846-54c7-4b56-abda-41c8d983ba02', 'pictures/menu-paques-fleuri-2.jpg', '2026-06-29T14:40:03.939Z', '2026-06-29T14:40:03.939Z');
INSERT INTO public.pictures ("id", "menu_id", "image_path", "created_at", "updated_at") VALUES ('d2ce68ba-07ae-4865-9831-9f5233c6ceed', '6a113846-54c7-4b56-abda-41c8d983ba02', 'pictures/menu-paques-fleuri-3.jpg', '2026-06-29T14:40:03.941Z', '2026-06-29T14:40:03.941Z');
INSERT INTO public.pictures ("id", "menu_id", "image_path", "created_at", "updated_at") VALUES ('dd93a1ad-f5bc-454d-a374-3db812dd4501', '6a113846-54c7-4b56-abda-41c8d983ba02', 'pictures/menu-paques-fleuri-4.jpg', '2026-06-29T14:40:03.942Z', '2026-06-29T14:40:03.942Z');
INSERT INTO public.pictures ("id", "menu_id", "image_path", "created_at", "updated_at") VALUES ('c26b400f-78cd-4e5b-9636-fa6b428e5c27', '6a113846-54c7-4b56-abda-41c8d983ba02', 'pictures/menu-paques-fleuri-5.jpg', '2026-06-29T14:40:03.944Z', '2026-06-29T14:40:03.944Z');
INSERT INTO public.pictures ("id", "menu_id", "image_path", "created_at", "updated_at") VALUES ('284116e2-7b96-4c28-9abe-276b9d2e3833', 'b0ac432e-7934-473a-80f1-4b44fbe8eb59', 'pictures/menu-cocktail-elegant-1.jpg', '2026-06-29T14:40:03.947Z', '2026-06-29T14:40:03.947Z');
INSERT INTO public.pictures ("id", "menu_id", "image_path", "created_at", "updated_at") VALUES ('b9a602e0-58c7-43fc-8f64-896cc381f761', 'b0ac432e-7934-473a-80f1-4b44fbe8eb59', 'pictures/menu-cocktail-elegant-2.jpg', '2026-06-29T14:40:03.949Z', '2026-06-29T14:40:03.949Z');
INSERT INTO public.pictures ("id", "menu_id", "image_path", "created_at", "updated_at") VALUES ('f4189ad4-cac3-481e-a492-443c278522ac', 'b0ac432e-7934-473a-80f1-4b44fbe8eb59', 'pictures/menu-cocktail-elegant-3.jpg', '2026-06-29T14:40:03.951Z', '2026-06-29T14:40:03.951Z');
INSERT INTO public.pictures ("id", "menu_id", "image_path", "created_at", "updated_at") VALUES ('93d2ea4e-d818-49c3-a79f-c2e4e5f9546c', 'b0ac432e-7934-473a-80f1-4b44fbe8eb59', 'pictures/menu-cocktail-elegant-4.jpg', '2026-06-29T14:40:03.952Z', '2026-06-29T14:40:03.952Z');
INSERT INTO public.pictures ("id", "menu_id", "image_path", "created_at", "updated_at") VALUES ('3bf980f7-01f2-4d7a-8b79-5f911d8f94e8', 'b0ac432e-7934-473a-80f1-4b44fbe8eb59', 'pictures/menu-cocktail-elegant-5.jpg', '2026-06-29T14:40:03.954Z', '2026-06-29T14:40:03.954Z');
INSERT INTO public.pictures ("id", "menu_id", "image_path", "created_at", "updated_at") VALUES ('69abb4d5-b0a1-4188-bf29-123ebaa1db65', 'efac0419-364f-4af5-bdee-622c83e58761', 'pictures/menu-gastronomique-1.jpg', '2026-06-29T14:40:03.958Z', '2026-06-29T14:40:03.958Z');
INSERT INTO public.pictures ("id", "menu_id", "image_path", "created_at", "updated_at") VALUES ('dcbecd22-8bb4-4348-8e89-8c82ff934d40', 'efac0419-364f-4af5-bdee-622c83e58761', 'pictures/menu-gastronomique-2.jpg', '2026-06-29T14:40:03.959Z', '2026-06-29T14:40:03.959Z');
INSERT INTO public.pictures ("id", "menu_id", "image_path", "created_at", "updated_at") VALUES ('e7004139-5980-420e-93f3-c291f1d86001', 'efac0419-364f-4af5-bdee-622c83e58761', 'pictures/menu-gastronomique-3.jpg', '2026-06-29T14:40:03.961Z', '2026-06-29T14:40:03.961Z');
INSERT INTO public.pictures ("id", "menu_id", "image_path", "created_at", "updated_at") VALUES ('2eb47eec-ce3e-44aa-abb6-206ed8cd5919', 'efac0419-364f-4af5-bdee-622c83e58761', 'pictures/menu-gastronomique-4.jpg', '2026-06-29T14:40:03.962Z', '2026-06-29T14:40:03.962Z');
INSERT INTO public.pictures ("id", "menu_id", "image_path", "created_at", "updated_at") VALUES ('f9e11c34-c86f-4583-a34b-a43c9c49a97e', 'efac0419-364f-4af5-bdee-622c83e58761', 'pictures/menu-gastronomique-5.jpg', '2026-06-29T14:40:03.964Z', '2026-06-29T14:40:03.964Z');
INSERT INTO public.pictures ("id", "menu_id", "image_path", "created_at", "updated_at") VALUES ('bb69ff6d-33df-404f-8c62-582a038cb18c', '50068ac3-cecc-4d20-a873-857b11fe0be2', 'pictures/menu-champetre-vegetarien-1.jpg', '2026-06-29T14:40:03.969Z', '2026-06-29T14:40:03.969Z');
INSERT INTO public.pictures ("id", "menu_id", "image_path", "created_at", "updated_at") VALUES ('d6be0731-e901-4248-87d9-554de1aa7d33', '50068ac3-cecc-4d20-a873-857b11fe0be2', 'pictures/menu-champetre-vegetarien-2.jpg', '2026-06-29T14:40:03.970Z', '2026-06-29T14:40:03.970Z');
INSERT INTO public.pictures ("id", "menu_id", "image_path", "created_at", "updated_at") VALUES ('ab11a583-fbf0-404e-bbd6-21fdde52f4e6', '50068ac3-cecc-4d20-a873-857b11fe0be2', 'pictures/menu-champetre-vegetarien-3.jpg', '2026-06-29T14:40:03.972Z', '2026-06-29T14:40:03.972Z');
INSERT INTO public.pictures ("id", "menu_id", "image_path", "created_at", "updated_at") VALUES ('e3ac4913-a2c3-4810-9343-043d42d72625', '50068ac3-cecc-4d20-a873-857b11fe0be2', 'pictures/menu-champetre-vegetarien-4.jpg', '2026-06-29T14:40:03.973Z', '2026-06-29T14:40:03.973Z');
INSERT INTO public.pictures ("id", "menu_id", "image_path", "created_at", "updated_at") VALUES ('8bd9fd87-8e28-4f31-b959-b7073b4ab0c6', '50068ac3-cecc-4d20-a873-857b11fe0be2', 'pictures/menu-champetre-vegetarien-5.jpg', '2026-06-29T14:40:03.975Z', '2026-06-29T14:40:03.975Z');
INSERT INTO public.pictures ("id", "menu_id", "image_path", "created_at", "updated_at") VALUES ('612e112a-82a2-4f26-9657-1b9462bb5524', '9d95a9b7-1b08-4015-9c3f-18110be2db31', 'pictures/menu-vegan-gourmet-1.jpg', '2026-06-29T14:40:03.979Z', '2026-06-29T14:40:03.979Z');
INSERT INTO public.pictures ("id", "menu_id", "image_path", "created_at", "updated_at") VALUES ('d1364b2e-6ac2-4889-a46c-d1c25f74830b', '9d95a9b7-1b08-4015-9c3f-18110be2db31', 'pictures/menu-vegan-gourmet-2.jpg', '2026-06-29T14:40:03.980Z', '2026-06-29T14:40:03.980Z');
INSERT INTO public.pictures ("id", "menu_id", "image_path", "created_at", "updated_at") VALUES ('1e190ddb-c18f-4d59-9d94-670052fefb53', '9d95a9b7-1b08-4015-9c3f-18110be2db31', 'pictures/menu-vegan-gourmet-3.jpg', '2026-06-29T14:40:03.982Z', '2026-06-29T14:40:03.982Z');
INSERT INTO public.pictures ("id", "menu_id", "image_path", "created_at", "updated_at") VALUES ('57a8ae60-7cc1-47e8-b1c9-f446a4438dee', '9d95a9b7-1b08-4015-9c3f-18110be2db31', 'pictures/menu-vegan-gourmet-4.jpg', '2026-06-29T14:40:03.984Z', '2026-06-29T14:40:03.984Z');
INSERT INTO public.pictures ("id", "menu_id", "image_path", "created_at", "updated_at") VALUES ('91751675-8db8-469d-8773-b251ad9816d9', '9d95a9b7-1b08-4015-9c3f-18110be2db31', 'pictures/menu-vegan-gourmet-5.jpg', '2026-06-29T14:40:03.985Z', '2026-06-29T14:40:03.985Z');
INSERT INTO public.pictures ("id", "menu_id", "image_path", "created_at", "updated_at") VALUES ('bc096a10-d262-40ae-ad37-517387b4a1f2', '9ec7e9ca-6dec-4562-8776-2ed32d8851bf', 'pictures/menu-mariage-prestige-1.jpg', '2026-06-29T14:40:03.988Z', '2026-06-29T14:40:03.988Z');
INSERT INTO public.pictures ("id", "menu_id", "image_path", "created_at", "updated_at") VALUES ('8e501cad-1486-448b-a240-438a684dbe21', '9ec7e9ca-6dec-4562-8776-2ed32d8851bf', 'pictures/menu-mariage-prestige-2.jpg', '2026-06-29T14:40:03.990Z', '2026-06-29T14:40:03.990Z');
INSERT INTO public.pictures ("id", "menu_id", "image_path", "created_at", "updated_at") VALUES ('cb3cb189-f402-4e45-b530-3fc13c818681', '9ec7e9ca-6dec-4562-8776-2ed32d8851bf', 'pictures/menu-mariage-prestige-3.jpg', '2026-06-29T14:40:03.991Z', '2026-06-29T14:40:03.991Z');
INSERT INTO public.pictures ("id", "menu_id", "image_path", "created_at", "updated_at") VALUES ('5f36ecce-7079-4884-83c4-c055068518d7', '9ec7e9ca-6dec-4562-8776-2ed32d8851bf', 'pictures/menu-mariage-prestige-4.jpg', '2026-06-29T14:40:03.993Z', '2026-06-29T14:40:03.993Z');
INSERT INTO public.pictures ("id", "menu_id", "image_path", "created_at", "updated_at") VALUES ('7677bd1f-cabc-45ef-8167-cd61a20090ef', '9ec7e9ca-6dec-4562-8776-2ed32d8851bf', 'pictures/menu-mariage-prestige-5.jpg', '2026-06-29T14:40:03.994Z', '2026-06-29T14:40:03.994Z');
INSERT INTO public.pictures ("id", "menu_id", "image_path", "created_at", "updated_at") VALUES ('5a958051-772e-470b-b3b0-ff640a34b213', 'd987ca30-3ae9-4a89-be17-15526d717736', 'pictures/menu-seminaire-business-1.jpg', '2026-06-29T14:40:03.998Z', '2026-06-29T14:40:03.998Z');
INSERT INTO public.pictures ("id", "menu_id", "image_path", "created_at", "updated_at") VALUES ('62b39f34-3861-4302-b3e7-3d8cc8fcafc0', 'd987ca30-3ae9-4a89-be17-15526d717736', 'pictures/menu-seminaire-business-2.jpg', '2026-06-29T14:40:04.000Z', '2026-06-29T14:40:04.000Z');
INSERT INTO public.pictures ("id", "menu_id", "image_path", "created_at", "updated_at") VALUES ('7bf8b1d5-cf05-479b-8ac2-4d46e9cf9969', 'd987ca30-3ae9-4a89-be17-15526d717736', 'pictures/menu-seminaire-business-3.jpg', '2026-06-29T14:40:04.002Z', '2026-06-29T14:40:04.002Z');
INSERT INTO public.pictures ("id", "menu_id", "image_path", "created_at", "updated_at") VALUES ('9fbbc9c2-445c-47da-b8ba-eb4d4f4da93d', 'd987ca30-3ae9-4a89-be17-15526d717736', 'pictures/menu-seminaire-business-4.jpg', '2026-06-29T14:40:04.003Z', '2026-06-29T14:40:04.003Z');
INSERT INTO public.pictures ("id", "menu_id", "image_path", "created_at", "updated_at") VALUES ('6334b97f-1f9a-4406-b0d3-7ed75de2aca6', 'd987ca30-3ae9-4a89-be17-15526d717736', 'pictures/menu-seminaire-business-5.jpg', '2026-06-29T14:40:04.005Z', '2026-06-29T14:40:04.005Z');
INSERT INTO public.pictures ("id", "menu_id", "image_path", "created_at", "updated_at") VALUES ('8b659712-1e75-4ec0-95e1-832db92ebf07', '11813d9b-94e6-48af-b5df-6472a376196e', 'pictures/menu-baby-shower-1.jpg', '2026-06-29T14:40:04.009Z', '2026-06-29T14:40:04.009Z');
INSERT INTO public.pictures ("id", "menu_id", "image_path", "created_at", "updated_at") VALUES ('ab28fa59-a378-4ea2-978d-7689bfa949b9', '11813d9b-94e6-48af-b5df-6472a376196e', 'pictures/menu-baby-shower-2.jpg', '2026-06-29T14:40:04.011Z', '2026-06-29T14:40:04.011Z');
INSERT INTO public.pictures ("id", "menu_id", "image_path", "created_at", "updated_at") VALUES ('63ec3459-aa98-4f9c-a526-26e076723ef8', '11813d9b-94e6-48af-b5df-6472a376196e', 'pictures/menu-baby-shower-3.jpg', '2026-06-29T14:40:04.013Z', '2026-06-29T14:40:04.013Z');
INSERT INTO public.pictures ("id", "menu_id", "image_path", "created_at", "updated_at") VALUES ('7b21547a-1e86-49a8-96b9-1a9929b52f64', '11813d9b-94e6-48af-b5df-6472a376196e', 'pictures/menu-baby-shower-4.jpg', '2026-06-29T14:40:04.014Z', '2026-06-29T14:40:04.014Z');
INSERT INTO public.pictures ("id", "menu_id", "image_path", "created_at", "updated_at") VALUES ('13f98a78-7823-4411-9f32-f7fc56cf5449', '11813d9b-94e6-48af-b5df-6472a376196e', 'pictures/menu-baby-shower-5.jpg', '2026-06-29T14:40:04.016Z', '2026-06-29T14:40:04.016Z');
INSERT INTO public.pictures ("id", "menu_id", "image_path", "created_at", "updated_at") VALUES ('cddf5ef2-0787-4876-88c5-7ef6a8feedb5', '04807087-7ad0-4961-b0e2-4e3a34cff500', 'pictures/menu-cocktail-vegan-1.jpg', '2026-06-29T14:40:04.020Z', '2026-06-29T14:40:04.020Z');
INSERT INTO public.pictures ("id", "menu_id", "image_path", "created_at", "updated_at") VALUES ('3ed0aeea-ba7d-4708-970a-004223e9d247', '04807087-7ad0-4961-b0e2-4e3a34cff500', 'pictures/menu-cocktail-vegan-2.jpg', '2026-06-29T14:40:04.021Z', '2026-06-29T14:40:04.021Z');
INSERT INTO public.pictures ("id", "menu_id", "image_path", "created_at", "updated_at") VALUES ('00cd794a-c0b2-4224-9b69-79803f35a05d', '04807087-7ad0-4961-b0e2-4e3a34cff500', 'pictures/menu-cocktail-vegan-3.jpg', '2026-06-29T14:40:04.023Z', '2026-06-29T14:40:04.023Z');
INSERT INTO public.pictures ("id", "menu_id", "image_path", "created_at", "updated_at") VALUES ('fe027757-4fb3-4db6-9fa5-181ad3e18602', '04807087-7ad0-4961-b0e2-4e3a34cff500', 'pictures/menu-cocktail-vegan-4.jpg', '2026-06-29T14:40:04.024Z', '2026-06-29T14:40:04.024Z');
INSERT INTO public.pictures ("id", "menu_id", "image_path", "created_at", "updated_at") VALUES ('161de363-c9e8-42e7-beb8-a4006c41e4a3', '04807087-7ad0-4961-b0e2-4e3a34cff500', 'pictures/menu-cocktail-vegan-5.jpg', '2026-06-29T14:40:04.026Z', '2026-06-29T14:40:04.026Z');

-- dish_menus
INSERT INTO public.dish_menus ("id", "dish_id", "menu_id", "created_at", "updated_at") VALUES ('dbc7f350-9e2c-4372-9fee-9232c02b43a3', '13b07854-11e1-48c7-a213-9e04ed0951e9', 'efac0419-364f-4af5-bdee-622c83e58761', NULL, NULL);
INSERT INTO public.dish_menus ("id", "dish_id", "menu_id", "created_at", "updated_at") VALUES ('c911ee3e-28f3-4074-a9fb-93b43dad450a', '5fb4c9f6-9893-46bb-9344-7e7a889bc2f4', 'efac0419-364f-4af5-bdee-622c83e58761', NULL, NULL);
INSERT INTO public.dish_menus ("id", "dish_id", "menu_id", "created_at", "updated_at") VALUES ('a1c198b7-a3ee-4503-8fc6-94c2fd890dab', '4b747342-bcce-4614-b9c2-741ffa184f2d', 'efac0419-364f-4af5-bdee-622c83e58761', NULL, NULL);
INSERT INTO public.dish_menus ("id", "dish_id", "menu_id", "created_at", "updated_at") VALUES ('08cc6901-202e-4248-9472-49059ffd2cab', 'dd9072f3-f3c6-4388-9096-112ad2bb6ae7', 'd987ca30-3ae9-4a89-be17-15526d717736', NULL, NULL);
INSERT INTO public.dish_menus ("id", "dish_id", "menu_id", "created_at", "updated_at") VALUES ('6bcdd6f5-cd02-4221-887c-90bb4beab899', '7b11224a-a25f-43b0-bf52-283f008bd712', 'd987ca30-3ae9-4a89-be17-15526d717736', NULL, NULL);
INSERT INTO public.dish_menus ("id", "dish_id", "menu_id", "created_at", "updated_at") VALUES ('0edc394d-5aa8-49ac-abcb-ad97c7a49b47', '1297405a-0273-4756-9670-5fb09b289ea7', 'd987ca30-3ae9-4a89-be17-15526d717736', NULL, NULL);
INSERT INTO public.dish_menus ("id", "dish_id", "menu_id", "created_at", "updated_at") VALUES ('bbc514a9-614a-426b-a8c7-514f04e32621', '395c89b9-bbb3-4f03-851c-e4946575ec78', 'b0ac432e-7934-473a-80f1-4b44fbe8eb59', NULL, NULL);
INSERT INTO public.dish_menus ("id", "dish_id", "menu_id", "created_at", "updated_at") VALUES ('638d21c6-d709-4dec-8168-20dec5bf23a8', '73bc627c-92c2-46fe-98dd-c9c481b9ea06', 'b0ac432e-7934-473a-80f1-4b44fbe8eb59', NULL, NULL);
INSERT INTO public.dish_menus ("id", "dish_id", "menu_id", "created_at", "updated_at") VALUES ('679def54-0430-42ce-9579-1653000e95e3', 'a9fe1e8e-e28f-44a8-a68b-7adca53c3e6f', 'b0ac432e-7934-473a-80f1-4b44fbe8eb59', NULL, NULL);
INSERT INTO public.dish_menus ("id", "dish_id", "menu_id", "created_at", "updated_at") VALUES ('413047ed-4a7e-418d-8115-c1e17c9b5bba', '8a9af44e-4c26-4616-b59d-7a06e0cb0a26', '9ec7e9ca-6dec-4562-8776-2ed32d8851bf', NULL, NULL);
INSERT INTO public.dish_menus ("id", "dish_id", "menu_id", "created_at", "updated_at") VALUES ('5c389290-9379-4e63-810c-ef2452cf1ae1', 'e09161a7-8e76-488e-a36f-a79e592aaeb9', '9ec7e9ca-6dec-4562-8776-2ed32d8851bf', NULL, NULL);
INSERT INTO public.dish_menus ("id", "dish_id", "menu_id", "created_at", "updated_at") VALUES ('9c6f981e-1fe5-432b-b08d-cc6566fbf9e3', '07e074d3-6438-4cf6-a8cd-8f2a7f4c328c', '9ec7e9ca-6dec-4562-8776-2ed32d8851bf', NULL, NULL);
INSERT INTO public.dish_menus ("id", "dish_id", "menu_id", "created_at", "updated_at") VALUES ('f46992b9-9ad3-49cf-8795-e52a51321fa0', '0a26f1a3-cdf5-4f12-bd56-54f06c63c99a', '9d95a9b7-1b08-4015-9c3f-18110be2db31', NULL, NULL);
INSERT INTO public.dish_menus ("id", "dish_id", "menu_id", "created_at", "updated_at") VALUES ('b510afb4-048c-4597-b25a-93330b6be4fc', '2eccf812-f803-4288-9845-22fc50c5b562', '9d95a9b7-1b08-4015-9c3f-18110be2db31', NULL, NULL);
INSERT INTO public.dish_menus ("id", "dish_id", "menu_id", "created_at", "updated_at") VALUES ('0a0e20b1-cdd1-46a5-8e5a-73f27fdf623b', '9f8c6506-7575-4fc3-9c2a-8e046dce8fab', '9d95a9b7-1b08-4015-9c3f-18110be2db31', NULL, NULL);
INSERT INTO public.dish_menus ("id", "dish_id", "menu_id", "created_at", "updated_at") VALUES ('a088e3b3-c73b-4dd0-be79-2205321aded2', '2f109f93-44eb-4f94-9024-e68327411847', '77b436db-12ff-4f2a-b4b5-89cbe072cff7', NULL, NULL);
INSERT INTO public.dish_menus ("id", "dish_id", "menu_id", "created_at", "updated_at") VALUES ('efd38c64-62ff-4dbf-aae7-337999ccfb16', 'c468f2b0-3adf-4972-8793-a3a04ac302c5', '77b436db-12ff-4f2a-b4b5-89cbe072cff7', NULL, NULL);
INSERT INTO public.dish_menus ("id", "dish_id", "menu_id", "created_at", "updated_at") VALUES ('326522e8-f4ab-4837-9e5c-5eff053348f0', '3a0206ee-bb19-49b8-ad53-ee57253d8341', '77b436db-12ff-4f2a-b4b5-89cbe072cff7', NULL, NULL);
INSERT INTO public.dish_menus ("id", "dish_id", "menu_id", "created_at", "updated_at") VALUES ('5ff47694-daf7-4d0a-884c-a6ee06361219', '13b07854-11e1-48c7-a213-9e04ed0951e9', '6a113846-54c7-4b56-abda-41c8d983ba02', NULL, NULL);
INSERT INTO public.dish_menus ("id", "dish_id", "menu_id", "created_at", "updated_at") VALUES ('ad140b39-7efa-47cd-86a6-af2a2c2d3e22', '5fb4c9f6-9893-46bb-9344-7e7a889bc2f4', '6a113846-54c7-4b56-abda-41c8d983ba02', NULL, NULL);
INSERT INTO public.dish_menus ("id", "dish_id", "menu_id", "created_at", "updated_at") VALUES ('d82570d3-8189-4cfa-a15c-7e14c2221a78', '4b747342-bcce-4614-b9c2-741ffa184f2d', '6a113846-54c7-4b56-abda-41c8d983ba02', NULL, NULL);
INSERT INTO public.dish_menus ("id", "dish_id", "menu_id", "created_at", "updated_at") VALUES ('a801d222-7df5-4876-9de2-2a7e24e004d3', 'dd9072f3-f3c6-4388-9096-112ad2bb6ae7', '50068ac3-cecc-4d20-a873-857b11fe0be2', NULL, NULL);
INSERT INTO public.dish_menus ("id", "dish_id", "menu_id", "created_at", "updated_at") VALUES ('7293e406-7cd7-4db6-b401-40fead258e96', '7b11224a-a25f-43b0-bf52-283f008bd712', '50068ac3-cecc-4d20-a873-857b11fe0be2', NULL, NULL);
INSERT INTO public.dish_menus ("id", "dish_id", "menu_id", "created_at", "updated_at") VALUES ('d093e737-71bf-4b27-8fd6-2f37effd9be8', '1297405a-0273-4756-9670-5fb09b289ea7', '50068ac3-cecc-4d20-a873-857b11fe0be2', NULL, NULL);
INSERT INTO public.dish_menus ("id", "dish_id", "menu_id", "created_at", "updated_at") VALUES ('44a04c0c-a516-4e0d-8bda-9733adef0092', '395c89b9-bbb3-4f03-851c-e4946575ec78', '47896497-93de-47c5-9095-2724148fbc9e', NULL, NULL);
INSERT INTO public.dish_menus ("id", "dish_id", "menu_id", "created_at", "updated_at") VALUES ('d5e84e38-75bf-4fab-9572-a7e7a102ea47', '73bc627c-92c2-46fe-98dd-c9c481b9ea06', '47896497-93de-47c5-9095-2724148fbc9e', NULL, NULL);
INSERT INTO public.dish_menus ("id", "dish_id", "menu_id", "created_at", "updated_at") VALUES ('9744e867-f233-4d1c-b8b3-47a007beacbc', 'a9fe1e8e-e28f-44a8-a68b-7adca53c3e6f', '47896497-93de-47c5-9095-2724148fbc9e', NULL, NULL);
INSERT INTO public.dish_menus ("id", "dish_id", "menu_id", "created_at", "updated_at") VALUES ('a755fc43-ede6-464b-9341-a2b07cb1e536', '8a9af44e-4c26-4616-b59d-7a06e0cb0a26', '2ae9e7f4-e135-4aa7-bc80-63557a4bb292', NULL, NULL);
INSERT INTO public.dish_menus ("id", "dish_id", "menu_id", "created_at", "updated_at") VALUES ('5503ec36-e81c-468b-afdd-9415172e4a32', 'e09161a7-8e76-488e-a36f-a79e592aaeb9', '2ae9e7f4-e135-4aa7-bc80-63557a4bb292', NULL, NULL);
INSERT INTO public.dish_menus ("id", "dish_id", "menu_id", "created_at", "updated_at") VALUES ('8ed6e46b-d49f-4e68-b5bd-d282f3fc0ff0', '07e074d3-6438-4cf6-a8cd-8f2a7f4c328c', '2ae9e7f4-e135-4aa7-bc80-63557a4bb292', NULL, NULL);
INSERT INTO public.dish_menus ("id", "dish_id", "menu_id", "created_at", "updated_at") VALUES ('4a0dcfe1-4812-43b4-b95d-7f88ef216972', '0a26f1a3-cdf5-4f12-bd56-54f06c63c99a', '11813d9b-94e6-48af-b5df-6472a376196e', NULL, NULL);
INSERT INTO public.dish_menus ("id", "dish_id", "menu_id", "created_at", "updated_at") VALUES ('e06623ec-2978-451e-9cb1-01a8c4841208', '2eccf812-f803-4288-9845-22fc50c5b562', '11813d9b-94e6-48af-b5df-6472a376196e', NULL, NULL);
INSERT INTO public.dish_menus ("id", "dish_id", "menu_id", "created_at", "updated_at") VALUES ('45fc9f57-301a-4398-a93b-67367721710a', '9f8c6506-7575-4fc3-9c2a-8e046dce8fab', '11813d9b-94e6-48af-b5df-6472a376196e', NULL, NULL);
INSERT INTO public.dish_menus ("id", "dish_id", "menu_id", "created_at", "updated_at") VALUES ('110242d1-d0a7-4531-9ebf-373077520fa2', '2f109f93-44eb-4f94-9024-e68327411847', '04807087-7ad0-4961-b0e2-4e3a34cff500', NULL, NULL);
INSERT INTO public.dish_menus ("id", "dish_id", "menu_id", "created_at", "updated_at") VALUES ('0445b924-7a65-4781-94c4-739a17fc5769', 'c468f2b0-3adf-4972-8793-a3a04ac302c5', '04807087-7ad0-4961-b0e2-4e3a34cff500', NULL, NULL);
INSERT INTO public.dish_menus ("id", "dish_id", "menu_id", "created_at", "updated_at") VALUES ('89838b06-6abf-49d5-9433-ae6f4a3cb7c5', '3a0206ee-bb19-49b8-ad53-ee57253d8341', '04807087-7ad0-4961-b0e2-4e3a34cff500', NULL, NULL);

-- dish_allergens
INSERT INTO public.dish_allergens ("id", "dish_id", "allergen_id", "created_at", "updated_at") VALUES ('9ddba76d-5c46-4832-b69e-746da9612262', 'e09161a7-8e76-488e-a36f-a79e592aaeb9', '24671fb9-5acf-430d-9866-fbbd9a011c29', NULL, NULL);
INSERT INTO public.dish_allergens ("id", "dish_id", "allergen_id", "created_at", "updated_at") VALUES ('458c3bb2-435a-44a0-9322-9add3747015e', 'dd9072f3-f3c6-4388-9096-112ad2bb6ae7', '24671fb9-5acf-430d-9866-fbbd9a011c29', NULL, NULL);
INSERT INTO public.dish_allergens ("id", "dish_id", "allergen_id", "created_at", "updated_at") VALUES ('a24abc7d-24f7-4763-8743-78f9923398a8', 'dd9072f3-f3c6-4388-9096-112ad2bb6ae7', 'e2ac6255-19ec-4334-bd52-63060dd1a5af', NULL, NULL);
INSERT INTO public.dish_allergens ("id", "dish_id", "allergen_id", "created_at", "updated_at") VALUES ('65d94239-96ce-4131-8e9a-58b7b46bd775', 'c468f2b0-3adf-4972-8793-a3a04ac302c5', '957f5882-d614-4b03-bd02-f405370f8478', NULL, NULL);
INSERT INTO public.dish_allergens ("id", "dish_id", "allergen_id", "created_at", "updated_at") VALUES ('9992b63b-adeb-442b-ae33-cfec75b9779b', 'c468f2b0-3adf-4972-8793-a3a04ac302c5', 'fa87ca12-d5c4-4ea2-bb34-356e26fbee9f', NULL, NULL);
INSERT INTO public.dish_allergens ("id", "dish_id", "allergen_id", "created_at", "updated_at") VALUES ('c5cac6a5-89c8-42d7-9d58-892e78706c42', 'c468f2b0-3adf-4972-8793-a3a04ac302c5', 'd946899b-d72f-4cfd-a289-8d1401d81b81', NULL, NULL);
INSERT INTO public.dish_allergens ("id", "dish_id", "allergen_id", "created_at", "updated_at") VALUES ('f7e7fbba-7873-4544-a134-2d2967c947a1', 'a9fe1e8e-e28f-44a8-a68b-7adca53c3e6f', 'd946899b-d72f-4cfd-a289-8d1401d81b81', NULL, NULL);
INSERT INTO public.dish_allergens ("id", "dish_id", "allergen_id", "created_at", "updated_at") VALUES ('b2490d38-9af3-4363-913f-36a5da510491', 'a9fe1e8e-e28f-44a8-a68b-7adca53c3e6f', 'e2ac6255-19ec-4334-bd52-63060dd1a5af', NULL, NULL);
INSERT INTO public.dish_allergens ("id", "dish_id", "allergen_id", "created_at", "updated_at") VALUES ('337437b3-b600-4323-805f-c6916f137d00', 'a9fe1e8e-e28f-44a8-a68b-7adca53c3e6f', '24671fb9-5acf-430d-9866-fbbd9a011c29', NULL, NULL);
INSERT INTO public.dish_allergens ("id", "dish_id", "allergen_id", "created_at", "updated_at") VALUES ('4a3442df-b84c-4df6-a377-f78b0ae2d3ad', '9f8c6506-7575-4fc3-9c2a-8e046dce8fab', 'fa87ca12-d5c4-4ea2-bb34-356e26fbee9f', NULL, NULL);
INSERT INTO public.dish_allergens ("id", "dish_id", "allergen_id", "created_at", "updated_at") VALUES ('df5eb820-b73b-4f59-af08-88c55faa33f1', '9f8c6506-7575-4fc3-9c2a-8e046dce8fab', '121a98a7-67d3-4955-9d1b-0f656082db39', NULL, NULL);
INSERT INTO public.dish_allergens ("id", "dish_id", "allergen_id", "created_at", "updated_at") VALUES ('acbae4ab-9b29-4dae-9b1b-be0dd7273157', '9f8c6506-7575-4fc3-9c2a-8e046dce8fab', '0921d7c6-d87d-4502-9b5d-2b2528897bf4', NULL, NULL);
INSERT INTO public.dish_allergens ("id", "dish_id", "allergen_id", "created_at", "updated_at") VALUES ('d4975919-c942-4ae6-a03b-5bafbd444b73', '8a9af44e-4c26-4616-b59d-7a06e0cb0a26', '24671fb9-5acf-430d-9866-fbbd9a011c29', NULL, NULL);
INSERT INTO public.dish_allergens ("id", "dish_id", "allergen_id", "created_at", "updated_at") VALUES ('7efa4625-1443-45d1-ad49-be7587f87ae5', '7b11224a-a25f-43b0-bf52-283f008bd712', '0921d7c6-d87d-4502-9b5d-2b2528897bf4', NULL, NULL);
INSERT INTO public.dish_allergens ("id", "dish_id", "allergen_id", "created_at", "updated_at") VALUES ('3e499707-2ebd-4e8a-9624-4999b6da199c', '7b11224a-a25f-43b0-bf52-283f008bd712', 'a0e44e41-5ed5-47b5-b670-f287dce1cd3c', NULL, NULL);
INSERT INTO public.dish_allergens ("id", "dish_id", "allergen_id", "created_at", "updated_at") VALUES ('f2655275-508d-4b9d-b611-2fffc27032f1', '7b11224a-a25f-43b0-bf52-283f008bd712', '24671fb9-5acf-430d-9866-fbbd9a011c29', NULL, NULL);
INSERT INTO public.dish_allergens ("id", "dish_id", "allergen_id", "created_at", "updated_at") VALUES ('f34d32e8-cc31-4644-8c55-9489d2108115', '73bc627c-92c2-46fe-98dd-c9c481b9ea06', '0921d7c6-d87d-4502-9b5d-2b2528897bf4', NULL, NULL);
INSERT INTO public.dish_allergens ("id", "dish_id", "allergen_id", "created_at", "updated_at") VALUES ('4a495883-906f-4ac8-858b-17536d368b56', '73bc627c-92c2-46fe-98dd-c9c481b9ea06', '2b000c2b-0039-4c63-9297-249f8fe85d4c', NULL, NULL);
INSERT INTO public.dish_allergens ("id", "dish_id", "allergen_id", "created_at", "updated_at") VALUES ('024e02d1-2fac-409f-978f-26fa963aa8c8', '5fb4c9f6-9893-46bb-9344-7e7a889bc2f4', '0921d7c6-d87d-4502-9b5d-2b2528897bf4', NULL, NULL);
INSERT INTO public.dish_allergens ("id", "dish_id", "allergen_id", "created_at", "updated_at") VALUES ('896f6f15-a7df-4171-8310-342d3e00cb9b', '5fb4c9f6-9893-46bb-9344-7e7a889bc2f4', '5d2741d3-5386-4cc6-ad01-d1690cebd2d2', NULL, NULL);
INSERT INTO public.dish_allergens ("id", "dish_id", "allergen_id", "created_at", "updated_at") VALUES ('9b6e8448-87d3-4a20-a9d9-0e2eb3966493', '5fb4c9f6-9893-46bb-9344-7e7a889bc2f4', 'fa87ca12-d5c4-4ea2-bb34-356e26fbee9f', NULL, NULL);
INSERT INTO public.dish_allergens ("id", "dish_id", "allergen_id", "created_at", "updated_at") VALUES ('d6e444f5-1db5-459c-9d5e-2bbe2e1bf3ec', '4b747342-bcce-4614-b9c2-741ffa184f2d', 'a0e44e41-5ed5-47b5-b670-f287dce1cd3c', NULL, NULL);
INSERT INTO public.dish_allergens ("id", "dish_id", "allergen_id", "created_at", "updated_at") VALUES ('8e029108-14ad-4b63-9f2a-030da4e43a11', '4b747342-bcce-4614-b9c2-741ffa184f2d', '192938f6-778d-490f-bd05-32823d1dcb3a', NULL, NULL);
INSERT INTO public.dish_allergens ("id", "dish_id", "allergen_id", "created_at", "updated_at") VALUES ('77fcb714-c369-4224-acf0-dd2c1e5a20c5', '3a0206ee-bb19-49b8-ad53-ee57253d8341', '8802822e-1752-43b8-bd68-cfa2a14cea5e', NULL, NULL);
INSERT INTO public.dish_allergens ("id", "dish_id", "allergen_id", "created_at", "updated_at") VALUES ('cd8950f4-32d0-4c97-a67c-59cbe8b64b09', '3a0206ee-bb19-49b8-ad53-ee57253d8341', '0d981036-14f9-44e5-9a6e-27db646f6d2b', NULL, NULL);
INSERT INTO public.dish_allergens ("id", "dish_id", "allergen_id", "created_at", "updated_at") VALUES ('961363fa-07f9-4827-b83b-e19b2b2c2cac', '395c89b9-bbb3-4f03-851c-e4946575ec78', '121a98a7-67d3-4955-9d1b-0f656082db39', NULL, NULL);
INSERT INTO public.dish_allergens ("id", "dish_id", "allergen_id", "created_at", "updated_at") VALUES ('d058d358-0ef7-4320-96eb-65d15dab2ba5', '2f109f93-44eb-4f94-9024-e68327411847', '121a98a7-67d3-4955-9d1b-0f656082db39', NULL, NULL);
INSERT INTO public.dish_allergens ("id", "dish_id", "allergen_id", "created_at", "updated_at") VALUES ('8f7aca03-9652-445d-b31c-933aaffb5f3d', '2eccf812-f803-4288-9845-22fc50c5b562', '957f5882-d614-4b03-bd02-f405370f8478', NULL, NULL);
INSERT INTO public.dish_allergens ("id", "dish_id", "allergen_id", "created_at", "updated_at") VALUES ('731eeeae-5d5c-48c3-9458-2a86c4c5e6ed', '13b07854-11e1-48c7-a213-9e04ed0951e9', '2b000c2b-0039-4c63-9297-249f8fe85d4c', NULL, NULL);
INSERT INTO public.dish_allergens ("id", "dish_id", "allergen_id", "created_at", "updated_at") VALUES ('87cbbf55-2d44-4241-96c1-00c73f8a4c63', '13b07854-11e1-48c7-a213-9e04ed0951e9', 'c935ffc1-440e-4bc0-aee5-e01aa5aec787', NULL, NULL);
INSERT INTO public.dish_allergens ("id", "dish_id", "allergen_id", "created_at", "updated_at") VALUES ('28578f3c-5850-4463-97f2-498e60659373', '1297405a-0273-4756-9670-5fb09b289ea7', '24671fb9-5acf-430d-9866-fbbd9a011c29', NULL, NULL);
INSERT INTO public.dish_allergens ("id", "dish_id", "allergen_id", "created_at", "updated_at") VALUES ('5264fe00-9b0c-4c6e-bfe7-34fda5f3f4e8', '1297405a-0273-4756-9670-5fb09b289ea7', 'c935ffc1-440e-4bc0-aee5-e01aa5aec787', NULL, NULL);
INSERT INTO public.dish_allergens ("id", "dish_id", "allergen_id", "created_at", "updated_at") VALUES ('159f3dcc-e514-4179-9c34-af394c50bb01', '0a26f1a3-cdf5-4f12-bd56-54f06c63c99a', '0d981036-14f9-44e5-9a6e-27db646f6d2b', NULL, NULL);
INSERT INTO public.dish_allergens ("id", "dish_id", "allergen_id", "created_at", "updated_at") VALUES ('12125443-856b-4a6c-bab1-d2236e8c5776', '0a26f1a3-cdf5-4f12-bd56-54f06c63c99a', 'e2ac6255-19ec-4334-bd52-63060dd1a5af', NULL, NULL);
INSERT INTO public.dish_allergens ("id", "dish_id", "allergen_id", "created_at", "updated_at") VALUES ('49108cfe-d1a7-4345-b4d1-5abfdedaad63', '0a26f1a3-cdf5-4f12-bd56-54f06c63c99a', '0921d7c6-d87d-4502-9b5d-2b2528897bf4', NULL, NULL);
INSERT INTO public.dish_allergens ("id", "dish_id", "allergen_id", "created_at", "updated_at") VALUES ('c8c2ff20-3470-4288-b620-5ed04871f1ea', '07e074d3-6438-4cf6-a8cd-8f2a7f4c328c', '0d981036-14f9-44e5-9a6e-27db646f6d2b', NULL, NULL);
INSERT INTO public.dish_allergens ("id", "dish_id", "allergen_id", "created_at", "updated_at") VALUES ('5e35942b-8cac-4b1c-befa-785fbc21d606', '07e074d3-6438-4cf6-a8cd-8f2a7f4c328c', '5d2741d3-5386-4cc6-ad01-d1690cebd2d2', NULL, NULL);

-- opening_hours
INSERT INTO public.opening_hours ("id", "day_of_week", "open_time", "close_time", "is_closed", "created_at", "updated_at") VALUES ('d7a78386-abbe-467f-a267-c95eb0458981', 0, '09:00:00', '19:00:00', FALSE, '2026-06-29T14:40:04.147Z', '2026-06-29T14:40:04.147Z');
INSERT INTO public.opening_hours ("id", "day_of_week", "open_time", "close_time", "is_closed", "created_at", "updated_at") VALUES ('4db5a377-573e-4420-8129-5eca54545a9a', 1, '09:00:00', '19:00:00', FALSE, '2026-06-29T14:40:04.148Z', '2026-06-29T14:40:04.148Z');
INSERT INTO public.opening_hours ("id", "day_of_week", "open_time", "close_time", "is_closed", "created_at", "updated_at") VALUES ('74af142f-c12d-4b88-9ca3-007d8ede8419', 2, '09:00:00', '19:00:00', FALSE, '2026-06-29T14:40:04.149Z', '2026-06-29T14:40:04.149Z');
INSERT INTO public.opening_hours ("id", "day_of_week", "open_time", "close_time", "is_closed", "created_at", "updated_at") VALUES ('5bdc5563-8433-4c30-829f-c5a941d5051c', 3, '09:00:00', '19:00:00', FALSE, '2026-06-29T14:40:04.149Z', '2026-06-29T14:40:04.149Z');
INSERT INTO public.opening_hours ("id", "day_of_week", "open_time", "close_time", "is_closed", "created_at", "updated_at") VALUES ('c6acaf6a-b48f-48a4-84b7-e958afeb6c69', 4, '09:00:00', '19:00:00', FALSE, '2026-06-29T14:40:04.150Z', '2026-06-29T14:40:04.150Z');
INSERT INTO public.opening_hours ("id", "day_of_week", "open_time", "close_time", "is_closed", "created_at", "updated_at") VALUES ('469be1ca-b8f8-48c8-9f76-0d7ba80ffc89', 5, '10:00:00', '18:00:00', FALSE, '2026-06-29T14:40:04.150Z', '2026-06-29T14:40:04.150Z');
INSERT INTO public.opening_hours ("id", "day_of_week", "open_time", "close_time", "is_closed", "created_at", "updated_at") VALUES ('dfbc8491-0c9b-45ed-8f06-2ee64683bb1d', 6, NULL, NULL, TRUE, '2026-06-29T14:40:04.151Z', '2026-06-29T14:40:04.151Z');

-- users
INSERT INTO public.users ("id", "role_id", "lastname", "firstname", "email", "password", "phone", "address", "city", "country", "password_change", "password_reset", "is_active", "created_at", "updated_at") VALUES ('9f91991f-82c0-4a09-a519-f353dbeb5b7b', 'e837f473-e1d0-4803-b14c-c395ffdc95b7', 'Client', 'Jean', 'client@vite-gourmand.fr', '$scrypt$n=16384,r=8,p=1$GtGcYpSJBt4j597VHM/6Iw$aAU8IhBP5XeuUHw5KLSLU8IyK+LYCNaAOkJyD6aK5+lGY/asdsSYZTWvZ7+RyYc7eBXi4MuonmhOtbvTvmY28Q', '+33600000003', '8 Allée de Tourny', 'Bordeaux', NULL, FALSE, FALSE, TRUE, '2026-06-29T14:40:04.261Z', '2026-06-29T14:40:04.261Z');
INSERT INTO public.users ("id", "role_id", "lastname", "firstname", "email", "password", "phone", "address", "city", "country", "password_change", "password_reset", "is_active", "created_at", "updated_at") VALUES ('1e9ef790-4b2f-4736-9c41-619659b2e92e', '5214402d-ef6a-4afb-b786-0f8942e82a47', 'Admin', 'Julie', 'admin@vite-gourmand.fr', '$scrypt$n=16384,r=8,p=1$hr8PWxfJIQ68jM0XpBpDlw$K6u4P2/mbfphFJ92+y1F58p73v82/+tKpEKg3Xmo2Kup7irilWRT2wnQpYKx5qkMHly1qKBzAXdjxspryzBVug', '+33600000001', '12 Rue Sainte-Catherine', 'Bordeaux', NULL, FALSE, FALSE, TRUE, '2026-06-29T14:40:04.191Z', '2026-06-29T14:40:44.419Z');
INSERT INTO public.users ("id", "role_id", "lastname", "firstname", "email", "password", "phone", "address", "city", "country", "password_change", "password_reset", "is_active", "created_at", "updated_at") VALUES ('772a0d16-c5d6-42c8-b225-ec8008b97d9b', 'bdd25b4e-25a6-446c-b236-003f365772bf', 'Employe', 'José', 'employe@vite-gourmand.fr', '$scrypt$n=16384,r=8,p=1$AsrlevdHAqqYDhKsPf1cjQ$AWK8Fllcy/Y6bWeGcgWuJ8axFmxJ4zBrZNXcmg17vCgFQUV/BZHjXNgkWDBIS6B4tTAnFmU8AtefJeBCmWNtmA', '+33600000002', '5 Cours du Médoc', 'Bordeaux', NULL, FALSE, FALSE, TRUE, '2026-06-29T14:40:04.226Z', '2026-06-29T14:42:11.781Z');

-- orders
INSERT INTO public.orders ("id", "menu_id", "user_id", "order_number", "order_date", "event_date", "delivery_time", "delivery_address", "delivery_city", "delivery_zipcode", "number_of_people", "menu_price", "reduction_amount", "total_amount", "delivery_fees", "status", "cancellation_reason", "contact_mode", "material_loan", "material_return", "created_at", "updated_at") VALUES ('e22b3fb5-e5a4-4c36-a885-d1cbe271e802', 'efac0419-364f-4af5-bdee-622c83e58761', '9f91991f-82c0-4a09-a519-f353dbeb5b7b', 'ORD-PKGV', '2026-04-29T14:40:04.266Z', '2026-05-05T22:00:00.000Z', '12:00:00', '12 rue de la Paix', 'Bordeaux', '33000', 12, '1140.00', '0.00', '1145.00', '5.00', 'terminee', NULL, NULL, FALSE, TRUE, '2026-06-29T14:40:04.267Z', '2026-06-29T14:40:04.267Z');
INSERT INTO public.orders ("id", "menu_id", "user_id", "order_number", "order_date", "event_date", "delivery_time", "delivery_address", "delivery_city", "delivery_zipcode", "number_of_people", "menu_price", "reduction_amount", "total_amount", "delivery_fees", "status", "cancellation_reason", "contact_mode", "material_loan", "material_return", "created_at", "updated_at") VALUES ('dffc8cb1-add2-4416-8ac5-5445f02d395c', 'efac0419-364f-4af5-bdee-622c83e58761', '9f91991f-82c0-4a09-a519-f353dbeb5b7b', 'ORD-C6MQ', '2026-06-08T14:40:04.266Z', '2026-06-14T22:00:00.000Z', '12:00:00', '12 rue de la Paix', 'Bordeaux', '33000', 10, '950.00', '0.00', '955.00', '5.00', 'acceptee', NULL, NULL, FALSE, TRUE, '2026-06-29T14:40:04.303Z', '2026-06-29T14:40:04.303Z');
INSERT INTO public.orders ("id", "menu_id", "user_id", "order_number", "order_date", "event_date", "delivery_time", "delivery_address", "delivery_city", "delivery_zipcode", "number_of_people", "menu_price", "reduction_amount", "total_amount", "delivery_fees", "status", "cancellation_reason", "contact_mode", "material_loan", "material_return", "created_at", "updated_at") VALUES ('6dde240f-3f42-4bdf-8c21-882541c9a961', 'd987ca30-3ae9-4a89-be17-15526d717736', '9f91991f-82c0-4a09-a519-f353dbeb5b7b', 'ORD-3VOT', '2026-05-29T14:40:04.266Z', '2026-06-04T22:00:00.000Z', '12:00:00', '12 rue de la Paix', 'Bordeaux', '33000', 8, '256.00', '0.00', '261.00', '5.00', 'terminee', NULL, NULL, FALSE, TRUE, '2026-06-29T14:40:04.333Z', '2026-06-29T14:40:04.333Z');
INSERT INTO public.orders ("id", "menu_id", "user_id", "order_number", "order_date", "event_date", "delivery_time", "delivery_address", "delivery_city", "delivery_zipcode", "number_of_people", "menu_price", "reduction_amount", "total_amount", "delivery_fees", "status", "cancellation_reason", "contact_mode", "material_loan", "material_return", "created_at", "updated_at") VALUES ('c9b50654-3ea0-4b7d-a079-f35efd4e56e6', 'd987ca30-3ae9-4a89-be17-15526d717736', '9f91991f-82c0-4a09-a519-f353dbeb5b7b', 'ORD-PQDB', '2026-06-24T14:40:04.266Z', '2026-06-30T22:00:00.000Z', '12:00:00', '12 rue de la Paix', 'Bordeaux', '33000', 6, '192.00', '0.00', '197.00', '5.00', 'en_preparation', NULL, NULL, FALSE, TRUE, '2026-06-29T14:40:04.356Z', '2026-06-29T14:40:04.356Z');
INSERT INTO public.orders ("id", "menu_id", "user_id", "order_number", "order_date", "event_date", "delivery_time", "delivery_address", "delivery_city", "delivery_zipcode", "number_of_people", "menu_price", "reduction_amount", "total_amount", "delivery_fees", "status", "cancellation_reason", "contact_mode", "material_loan", "material_return", "created_at", "updated_at") VALUES ('1ab88d9f-ec74-48b1-9bb1-13f41fa2d9fa', 'b0ac432e-7934-473a-80f1-4b44fbe8eb59', '9f91991f-82c0-4a09-a519-f353dbeb5b7b', 'ORD-94YR', '2026-03-29T14:40:04.266Z', '2026-04-04T22:00:00.000Z', '12:00:00', '12 rue de la Paix', 'Bordeaux', '33000', 15, '720.00', '0.00', '725.00', '5.00', 'terminee', NULL, NULL, FALSE, TRUE, '2026-06-29T14:40:04.377Z', '2026-06-29T14:40:04.377Z');
INSERT INTO public.orders ("id", "menu_id", "user_id", "order_number", "order_date", "event_date", "delivery_time", "delivery_address", "delivery_city", "delivery_zipcode", "number_of_people", "menu_price", "reduction_amount", "total_amount", "delivery_fees", "status", "cancellation_reason", "contact_mode", "material_loan", "material_return", "created_at", "updated_at") VALUES ('55ca8f49-f640-4ec3-9bae-aca348b5defc', 'b0ac432e-7934-473a-80f1-4b44fbe8eb59', '9f91991f-82c0-4a09-a519-f353dbeb5b7b', 'ORD-SCDC', '2026-06-19T14:40:04.267Z', '2026-06-25T22:00:00.000Z', '12:00:00', '12 rue de la Paix', 'Bordeaux', '33000', 8, '384.00', '0.00', '389.00', '5.00', 'livree', NULL, NULL, FALSE, TRUE, '2026-06-29T14:40:04.395Z', '2026-06-29T14:40:04.395Z');
INSERT INTO public.orders ("id", "menu_id", "user_id", "order_number", "order_date", "event_date", "delivery_time", "delivery_address", "delivery_city", "delivery_zipcode", "number_of_people", "menu_price", "reduction_amount", "total_amount", "delivery_fees", "status", "cancellation_reason", "contact_mode", "material_loan", "material_return", "created_at", "updated_at") VALUES ('b76ee11c-280f-4f17-bfd6-f27291858fc7', 'efac0419-364f-4af5-bdee-622c83e58761', '9f91991f-82c0-4a09-a519-f353dbeb5b7b', 'ORD-NTDG', '2026-06-15T14:40:04.267Z', '2026-06-21T22:00:00.000Z', '12:00:00', '12 rue de la Paix', 'Bordeaux', '33000', 20, '1900.00', '0.00', '1905.00', '5.00', 'annulee', NULL, NULL, FALSE, TRUE, '2026-06-29T14:40:04.414Z', '2026-06-29T14:40:04.414Z');
INSERT INTO public.orders ("id", "menu_id", "user_id", "order_number", "order_date", "event_date", "delivery_time", "delivery_address", "delivery_city", "delivery_zipcode", "number_of_people", "menu_price", "reduction_amount", "total_amount", "delivery_fees", "status", "cancellation_reason", "contact_mode", "material_loan", "material_return", "created_at", "updated_at") VALUES ('d6b3a735-84aa-4cd1-b747-c3b3291a5f09', 'd987ca30-3ae9-4a89-be17-15526d717736', '9f91991f-82c0-4a09-a519-f353dbeb5b7b', 'ORD-RZSR', '2026-06-28T14:40:04.267Z', '2026-07-04T22:00:00.000Z', '12:00:00', '12 rue de la Paix', 'Bordeaux', '33000', 10, '320.00', '0.00', '325.00', '5.00', 'en_attente', NULL, NULL, FALSE, TRUE, '2026-06-29T14:40:04.417Z', '2026-06-29T14:40:04.417Z');
INSERT INTO public.orders ("id", "menu_id", "user_id", "order_number", "order_date", "event_date", "delivery_time", "delivery_address", "delivery_city", "delivery_zipcode", "number_of_people", "menu_price", "reduction_amount", "total_amount", "delivery_fees", "status", "cancellation_reason", "contact_mode", "material_loan", "material_return", "created_at", "updated_at") VALUES ('194b60de-707d-406b-b6f9-56c2547492d3', '2ae9e7f4-e135-4aa7-bc80-63557a4bb292', '9f91991f-82c0-4a09-a519-f353dbeb5b7b', 'ORD-UNRF', '2026-06-29T14:46:10.480Z', '2026-07-02T22:00:00.000Z', '12:00:00', '8 Allée de Tourny', 'Bordeaux', '33000', 12, '1068.00', '0.00', '1068.00', '0.00', 'annulee', NULL, NULL, FALSE, TRUE, '2026-06-29T14:46:10.481Z', '2026-06-29T14:46:37.486Z');
INSERT INTO public.orders ("id", "menu_id", "user_id", "order_number", "order_date", "event_date", "delivery_time", "delivery_address", "delivery_city", "delivery_zipcode", "number_of_people", "menu_price", "reduction_amount", "total_amount", "delivery_fees", "status", "cancellation_reason", "contact_mode", "material_loan", "material_return", "created_at", "updated_at") VALUES ('6af0fa63-58e4-4388-91d2-ae3c412a9d1f', '2ae9e7f4-e135-4aa7-bc80-63557a4bb292', '9f91991f-82c0-4a09-a519-f353dbeb5b7b', 'ORD-ZZB6', '2026-06-29T14:46:46.040Z', '2026-07-02T22:00:00.000Z', '12:00:00', '8 Allée de Tourny', 'Bordeaux', '33000', 22, '1762.20', '195.80', '1762.20', '0.00', 'en_attente', NULL, NULL, FALSE, TRUE, '2026-06-29T14:46:46.040Z', '2026-06-29T14:46:46.040Z');

-- order_status_histories
INSERT INTO public.order_status_histories ("id", "order_id", "status", "changed_at", "created_at", "updated_at") VALUES ('ec00303e-7606-4eb1-9a60-d5898a99bb8d', 'e22b3fb5-e5a4-4c36-a885-d1cbe271e802', 'terminee', '2026-04-29T14:40:04.266Z', '2026-06-29T14:40:04.269Z', '2026-06-29T14:40:04.269Z');
INSERT INTO public.order_status_histories ("id", "order_id", "status", "changed_at", "created_at", "updated_at") VALUES ('db3874f0-4adb-4499-9681-21e6b4cefb67', 'dffc8cb1-add2-4416-8ac5-5445f02d395c', 'acceptee', '2026-06-08T14:40:04.266Z', '2026-06-29T14:40:04.304Z', '2026-06-29T14:40:04.304Z');
INSERT INTO public.order_status_histories ("id", "order_id", "status", "changed_at", "created_at", "updated_at") VALUES ('f225248e-f6ff-43cd-a3d4-89c551d31a71', '6dde240f-3f42-4bdf-8c21-882541c9a961', 'terminee', '2026-05-29T14:40:04.266Z', '2026-06-29T14:40:04.335Z', '2026-06-29T14:40:04.335Z');
INSERT INTO public.order_status_histories ("id", "order_id", "status", "changed_at", "created_at", "updated_at") VALUES ('06f4b8eb-54be-48ba-94df-0731446627d6', 'c9b50654-3ea0-4b7d-a079-f35efd4e56e6', 'en_preparation', '2026-06-24T14:40:04.266Z', '2026-06-29T14:40:04.358Z', '2026-06-29T14:40:04.358Z');
INSERT INTO public.order_status_histories ("id", "order_id", "status", "changed_at", "created_at", "updated_at") VALUES ('353768ac-549a-477a-97ea-4ddc219459d1', '1ab88d9f-ec74-48b1-9bb1-13f41fa2d9fa', 'terminee', '2026-03-29T14:40:04.266Z', '2026-06-29T14:40:04.378Z', '2026-06-29T14:40:04.378Z');
INSERT INTO public.order_status_histories ("id", "order_id", "status", "changed_at", "created_at", "updated_at") VALUES ('82a1093c-d30f-49ba-b6ad-50e5640bb963', '55ca8f49-f640-4ec3-9bae-aca348b5defc', 'livree', '2026-06-19T14:40:04.267Z', '2026-06-29T14:40:04.397Z', '2026-06-29T14:40:04.397Z');
INSERT INTO public.order_status_histories ("id", "order_id", "status", "changed_at", "created_at", "updated_at") VALUES ('1ed0592c-08ff-4ac9-896a-c56d72b1575f', 'b76ee11c-280f-4f17-bfd6-f27291858fc7', 'annulee', '2026-06-15T14:40:04.267Z', '2026-06-29T14:40:04.415Z', '2026-06-29T14:40:04.415Z');
INSERT INTO public.order_status_histories ("id", "order_id", "status", "changed_at", "created_at", "updated_at") VALUES ('d05d61ad-d1a6-4593-9895-797aa504f3cf', 'd6b3a735-84aa-4cd1-b747-c3b3291a5f09', 'en_attente', '2026-06-28T14:40:04.267Z', '2026-06-29T14:40:04.418Z', '2026-06-29T14:40:04.418Z');
INSERT INTO public.order_status_histories ("id", "order_id", "status", "changed_at", "created_at", "updated_at") VALUES ('21f85335-eb13-4d25-9707-390125981a52', '194b60de-707d-406b-b6f9-56c2547492d3', 'annulee', '2026-06-29T14:46:37.489Z', '2026-06-29T14:46:37.489Z', '2026-06-29T14:46:37.489Z');


